Feature,Original_Mean,Synthetic_Mean,Original_Std,Synthetic_Std,Original_Min,Synthetic_Min,Original_Max,Synthetic_Max,Mean_Diff,Std_Diff,Range_Overlap,KS_Statistic,KS_PValue,KS_Similar,Original_Missing,Synthetic_Missing,Original_Unique,Synthetic_Unique
feature1,49.59229034827915,50.926150741577146,9.310039152070015,2.3564974018832827,23.802548959102555,44.97870635986328,77.20169166589619,58.58740234375,1.3338603932979964,6.953541750186732,Yes,0.34,2.8791285778365347e-07,No,0,0,200,100
feature2,,,,,A,A,C,C,,,Yes,,,Yes,0,0,3,3
feature3,0.485,0.35,0.5010290917239925,0.4793724854411022,0,0,1,1,0.135,0.021656606282890234,Yes,0.135,0.17099477872745325,Yes,0,0,2,2
target,0.44,0.14,0.49763258630718094,0.348735088019777,0,0,1,1,0.3,0.14889749828740395,Yes,0.3,9.908152085814893e-06,No,0,0,2,2
