Feature,Original_Mean,Synthetic_Mean,Original_Std,Synthetic_Std,Original_Min,Synthetic_Min,Original_Max,Synthetic_Max,Mean_Diff,Std_Diff,Range_Overlap,KS_Statistic,KS_PValue,KS_Similar,Original_Missing,Synthetic_Missing,Original_Unique,Synthetic_Unique
feature1,49.94451440918759,35.78512279738445,9.841936889704249,10.42544918801646,17.58732659930927,15.496488493048904,88.52731490654722,67.22965281382747,14.159391611803137,0.5835122983122112,Partial,0.565,8.115726785803877e-36,No,0,0,300,200
feature2,,,,,A,A,C,C,,,Yes,,,Yes,0,0,3,3
feature3,0.5033333333333333,0.545,0.5008242926709127,0.4992204979041207,0,0,1,1,0.04166666666666674,0.001603794766791955,Yes,0.041666666666666664,0.9815943474153246,Yes,0,0,2,2
target,0.4633333333333333,0.41,0.49948691623222674,0.49306751859096054,0,0,1,1,0.053333333333333344,0.0064193976412662,Yes,0.05333333333333334,0.8719305791798282,Yes,0,0,2,2
