Feature,Original_Mean,Synthetic_Mean,Original_Std,Synthetic_Std,Original_Min,Synthetic_Min,Original_Max,Synthetic_Max,Mean_Diff,Std_Diff,Range_Overlap,KS_Statistic,KS_PValue,KS_Similar,Original_Missing,Synthetic_Missing,Original_Unique,Synthetic_Unique
numeric1,49.97577095878469,32.95724898947016,9.660536958332852,10.622240706231747,23.802548959102555,16.080756004937797,88.52731490654722,64.30368542206323,17.018521969314534,0.9617037478988948,Partial,0.6453333333333333,2.3729426342458694e-37,No,0,0,250,150
numeric2,52.226661378383405,60.983115916886305,30.37802998242997,30.488408075784577,1.083765148029836,-23.368121532830003,99.97176732861305,121.38640143889947,8.7564545385029,0.1103780933546048,Partial,0.15866666666666668,0.016058203970514877,No,0,0,250,150
categorical,,,,,Type_A,Type_A,Type_C,Type_C,,,Yes,,,Yes,0,0,3,3
binary,0.46,0.4666666666666667,0.49939722702618783,0.5005589716670066,0,0,1,1,0.006666666666666654,0.0011617446408187515,Yes,0.006666666666666667,1.0,Yes,0,0,2,2
target,0.496,0.43333333333333335,0.5009869776822836,0.4971957154062618,0,0,1,1,0.06266666666666665,0.003791262276021834,Yes,0.06266666666666666,0.8347760662267057,Yes,0,0,2,2
