Feature,Original_Mean,Synthetic_Mean,Original_Std,Synthetic_Std,Original_Min,Synthetic_Min,Original_Max,Synthetic_Max,Mean_Diff,Std_Diff,Range_Overlap,KS_Statistic,KS_PValue,KS_Similar,Original_Missing,Synthetic_Missing,Original_Unique,Synthetic_Unique
numeric1,49.97577095878469,49.95178855458444,9.660536958332852,6.25502832361738,23.802548959102555,35.40730564966893,88.52731490654722,73.69717624564674,0.023982404200253882,3.4055086347154715,Yes,0.14666666666666667,0.032273474947320975,No,0,0,250,150
numeric2,52.226661378383405,75.1046421913879,30.37802998242997,15.203650458491342,1.083765148029836,34.91846194313818,99.97176732861305,99.97176732861305,22.87798081300449,15.17437952393863,Yes,0.416,4.881447148033574e-15,No,0,0,250,150
categorical,,,,,Type_A,Type_A,Type_C,Type_C,,,Yes,,,Yes,0,0,3,3
binary,0.46,0.11333333333333333,0.49939722702618783,0.31806180368282,0,0,1,1,0.3466666666666667,0.18133542334336783,Yes,0.3466666666666667,1.7305357381228764e-10,No,0,0,2,2
target,0.496,0.43333333333333335,0.5009869776822836,0.4971957154062619,0,0,1,1,0.06266666666666665,0.003791262276021723,Yes,0.06266666666666666,0.8347760662267057,Yes,0,0,2,2
