Feature,Original_Mean,Synthetic_Mean,Original_Std,Synthetic_Std,Original_Min,Synthetic_Min,Original_Max,Synthetic_Max,Mean_Diff,Std_Diff,Range_Overlap,KS_Statistic,KS_PValue,KS_Similar,Original_Missing,Synthetic_Missing,Original_Unique,Synthetic_Unique
feature1,9.835346265694927,9.863646690346206,1.88468444566765,1.4043359359166847,4.760509791820511,5.945179972845116,14.926484224970572,12.660713005058554,0.028300424651279243,0.4803485097509652,Yes,0.09666666666666666,0.6058434418285821,Yes,0,0,150,100
feature2,0.5466666666666666,0.94,0.49948519358733284,0.23868325657594203,0.0,0.0,1.0,1.0,0.3933333333333333,0.2608019370113908,Yes,0.3933333333333333,9.24981382872683e-09,No,0,0,2,2
target,0.56,1.0,0.49804988833968006,0.0,0.0,1.0,1.0,1.0,0.43999999999999995,0.49804988833968006,Yes,0.44,6.382426178492319e-11,No,0,0,2,1
