Feature,Original_Mean,Synthetic_Mean,Mean_Diff,Original_Std,Synthetic_Std,Std_Diff,Original_Min,Synthetic_Min,Original_Max,Synthetic_Max,Range_Overlap,KS_Statistic,KS_PValue,KS_Similar
mean_radius,14.127291679382324,14.147061347961426,0.019769668579101562,3.5240488052368164,3.9490084648132324,0.424959659576416,6.981,7.5054946,28.11,24.721153,Yes,0.10720562390158173,0.002870686802205269,No
mean_texture,19.289649963378906,18.25568389892578,1.033966064453125,4.3010358810424805,2.498046636581421,1.8029892444610596,9.71,12.37579,39.28,27.301119,Yes,0.1827768014059754,1.014849630438246e-08,No
mean_perimeter,91.96903228759766,90.09455871582031,1.8744735717773438,24.298980712890625,25.60148048400879,1.302499771118164,43.79,47.83414,188.5,160.51866,Yes,0.12478031634446397,0.00027976842971879403,No
mean_area,654.8890380859375,602.8519287109375,52.037109375,351.91412353515625,373.10687255859375,21.1927490234375,143.5,155.39815,2501.0,2012.6449,Yes,0.1968365553602812,4.704115666367673e-10,No
mean_smoothness,0.09636028110980988,0.09511545300483704,0.0012448281049728394,0.014064128510653973,0.011556342244148254,0.0025077862665057182,0.05263,0.06791619,0.1634,0.13069203,Yes,0.07557117750439367,0.07755966523905067,Yes
diagnosis,0.6274165202108963,0.6028119507908611,0.024604569420035194,0.48391795640316865,0.48974609129776037,0.005828134894591719,0.0,0.0,1.0,1.0,Yes,0.02460456942003515,0.9953897876118294,Yes
