,mean_radius,mean_texture,mean_perimeter,mean_area,mean_smoothness,diagnosis
mean_radius,1.0,0.32378189092773324,0.9978552814938109,0.9873571700566127,0.17058118749299467,-0.7300285113754563
mean_texture,0.32378189092773324,1.0,0.3295330586865707,0.32108569608020704,-0.023388515998423325,-0.4151852998452051
mean_perimeter,0.9978552814938109,0.3295330586865707,1.0,0.9865068039913907,0.2072781636910072,-0.7426355297258337
mean_area,0.9873571700566127,0.32108569608020704,0.9865068039913907,1.0,0.1770283772540016,-0.7089838365853907
mean_smoothness,0.17058118749299467,-0.023388515998423325,0.2072781636910072,0.1770283772540016,1.0,-0.35855996508593285
diagnosis,-0.7300285113754563,-0.4151852998452051,-0.7426355297258337,-0.7089838365853907,-0.35855996508593285,1.0
