Feature,Absolute_Correlation,Raw_Correlation,Strength
mean_perimeter,0.7426355297258337,-0.7426355297258337,Strong
mean_radius,0.7300285113754563,-0.7300285113754563,Strong
mean_area,0.7089838365853907,-0.7089838365853907,Strong
mean_texture,0.4151852998452051,-0.4151852998452051,Moderate
mean_smoothness,0.35855996508593285,-0.35855996508593285,Moderate
