Feature,Original_Mean,Synthetic_Mean,Original_Std,Synthetic_Std,Original_Min,Synthetic_Min,Original_Max,Synthetic_Max,Mean_Diff,Std_Diff,Range_Overlap,KS_Statistic,KS_PValue,KS_Similar,Original_Missing,Synthetic_Missing,Original_Unique,Synthetic_Unique
feature1,9.835346265694927,11.634437623425779,1.88468444566765,2.5917780979796166,4.760509791820511,4.272255001556477,14.926484224970572,16.252759405653308,1.7990913577308518,0.7070936523119666,Partial,0.38666666666666666,1.7893791331685573e-08,No,0,0,150,100
feature2,0.5466666666666666,0.5,0.49948519358733284,0.502518907629606,0.0,0.0,1.0,1.0,0.046666666666666634,0.0030337140422732056,Yes,0.04666666666666667,0.9989979599932985,Yes,0,0,2,2
target,0.56,0.57,0.49804988833968006,0.497569851956243,0.0,0.0,1.0,1.0,0.009999999999999898,0.0004800363834370769,Yes,0.01,1.0,Yes,0,0,2,2
