Feature,Original_Mean,Synthetic_Mean,Original_Std,Synthetic_Std,Original_Min,Synthetic_Min,Original_Max,Synthetic_Max,Mean_Diff,Std_Diff,Range_Overlap,KS_Statistic,KS_PValue,KS_Similar,Original_Missing,Synthetic_Missing,Original_Unique,Synthetic_Unique
numeric1,49.97577095878469,55.95620758056641,9.660536958332852,2.7984525437755443,23.802548959102555,46.95525360107422,88.52731490654722,62.84305191040039,5.980436621781713,6.862084414557307,Yes,0.49866666666666665,1.0375640140602712e-21,No,0,0,250,150
numeric2,52.226661378383405,51.97937850952148,30.37802998242997,3.6031459881075216,1.083765148029836,38.814208984375,99.97176732861305,60.970855712890625,0.24728286886192308,26.77488399432245,Yes,0.44,7.867961280875593e-17,No,0,0,250,150
categorical,,,,,Type_A,Type_A,Type_C,Type_A,,,Yes,,,No,0,0,3,1
binary,0.46,0.05333333333333334,0.49939722702618783,0.22545008425851168,0,0,1,1,0.4066666666666667,0.2739471427676762,Yes,0.4066666666666667,2.2639003247724136e-14,No,0,0,2,2
target,0.496,0.25333333333333335,0.5009869776822836,0.43637719455582413,0,0,1,1,0.24266666666666664,0.06460978312645949,Yes,0.24266666666666667,2.541431716652071e-05,No,0,0,2,2
